0,Cleveland Avenue South at Saint Clair Avenue,750ft2,2BR / 1Ba,2018-01-24T22:40:49-0600,/ 2br - 750ft2 - ,44.934152,Amazing Two Bedroom in Saint Paul... SERIOUSLY!,-93.187151,5,$1200,https://minneapolis.craigslist.org/ram/apa/d/amazing-two-bedroom-in-saint/6471996311.html,post id: 6471996311
0,360 North First Street,678ft2,1BR / 1Ba,2018-01-18T16:22:57-0600,/ 1br - 678ft2 - ,44.986884,Find your happy place at Paxon and get one month free!,-93.270707,5,$1715,https://minneapolis.craigslist.org/hnp/apa/d/find-your-happy-place-at/6464592363.html,post id: 6464592363
0,48th at 4th Ave,2500ft2,3BR / 2Ba,2018-01-24T22:33:11-0600,/ 3br - 2500ft2 - ,44.916802,Super Bowl*** Private House,-93.270106,5,$2000,https://minneapolis.craigslist.org/hnp/apa/d/super-bowl-private-house/6471992109.html,post id: 6471992109
0,727 Kenwood Parkway,750ft2,1BR / 1Ba,2018-01-18T21:37:12-0600,/ 1br - 750ft2 - ,44.969684,Kenwood Home for Rent - 1 Bedroom with Garage,-93.295580,10,$1495,https://minneapolis.craigslist.org/hnp/apa/d/kenwood-home-for-rent-1/6464877299.html,post id: 6464877299
0,2nd St NE at 3rd Ave NE,1000ft2,2BR / 1Ba,2018-01-24T22:30:05-0600,/ 2br - 1000ft2 - ,44.990538,Superbowl Rental Near Downtown,-93.259914,15,$1000,https://minneapolis.craigslist.org/hnp/apa/d/superbowl-rental-near-downtown/6471990348.html,post id: 6471990348
0,603 3rd Ave NW,1200ft2,3BR / 1Ba,2018-01-22T14:13:57-0600,/ 3br - 1200ft2 - ,45.468200,"Walk-in Closet, Linen Closets, On-Site Leasing",-93.226600,5,$1235,https://minneapolis.craigslist.org/ank/apa/d/walk-in-closet-linen-closets/6468998866.html,post id: 6468998866
0,N/A,available jan 24,5BR / 3Ba,2018-01-24T22:17:27-0600,/ 5br - ,45.052300,SUPERBOWL ENTIRE HOME $1550,-93.254100,22,$1550,https://minneapolis.craigslist.org/hnp/apa/d/superbowl-entire-home-1550/6471983075.html,post id: 6471983075
0,13905 Chestnut DriveÂ ,757ft2,1BR / 1Ba,2018-01-20T13:09:54-0600,/ 1br - 757ft2 - ,44.851485,"Professional On-Site Management, Beautiful Views, Wheelchair Access",-93.450565,5,$1175,https://minneapolis.craigslist.org/hnp/apa/d/professional-on-site/6466703784.html,post id: 6466703784
0,101 E 10th St,648ft2,1BR / 1Ba,2018-01-24T22:13:53-0600,/ 1br - 648ft2 - ,44.951281,Commuter's Dream - Alcove With Everything! $1000 rent credit!,-93.095543,22,$1492,https://minneapolis.craigslist.org/ram/apa/d/commuters-dream-alcove-with/6471980946.html,post id: 6471980946
0,10310 Devonshire RoadÂ ,1238ft2,2BR / 2Ba,2018-01-08T12:53:10-0600,/ 2br - 1238ft2 - ,44.816174,Renovated Townhome ~ Private Entry ~ Wood Fireplace ~ Park Like Areas!,-93.294437,5,$1606,https://minneapolis.craigslist.org/hnp/apa/d/renovated-townhome-private/6452338657.html,post id: 6452338657
0,N/A,available jan 16,3BR / 2Ba,2018-01-16T16:06:38-0600,/ 3br - ,N/A,Rent to Own,N/A,N/A,$550,https://minneapolis.craigslist.org/wsh/apa/d/rent-to-own/6462180171.html,post id: 6462180171
0,N/A,available jan 24,4BR / 0Ba,2018-01-24T21:40:45-0600,/ 4br - ,45.003300,WE NEED SINGLE FAMILY HOMES/TOWNHOMES FOR LEASE,-93.487500,22,$1,https://minneapolis.craigslist.org/hnp/apa/d/we-need-single-family-homes/6471960054.html,post id: 6471960054
0,5500 W 107th St,1968ft2,5BR / 2Ba,2018-01-24T22:01:43-0600,/ 5br - 1968ft2 - ,44.808863,"FOR RENT - 5 Bedrooms, 2 Baths, 2 Car Attached Garage",-93.353373,5,$1995,https://minneapolis.craigslist.org/hnp/apa/d/for-rent-5-bedrooms-2-baths-2/6471973583.html,post id: 6471973583
0,N/A,available feb 15,1BR / 1Ba,2018-01-14T22:10:10-0600,/ 1br - ,44.973153,Skyway Connected Downtown Apartment Available!!!,-93.276672,22,$1465,https://minneapolis.craigslist.org/hnp/apa/d/skyway-connected-downtown/6460017705.html,post id: 6460017705
0,N/A,available jan 1,2BR / 2Ba,2018-01-14T22:27:17-0600,/ 2br - ,44.967300,Amazing 2 Bed ON Loring Park 2.5 Blocks From Skyway!!,-93.282800,22,$2495,https://minneapolis.craigslist.org/hnp/apa/d/amazing-2-bed-on-loring-park/6460027371.html,post id: 6460027371
0,N/A,available jan 1,1BR / 1Ba,2018-01-14T22:26:17-0600,/ 1br - ,44.969631,Fantastic 1 Bed Value Right Next to Loring Park Blocks From Skyway,-93.280964,22,$1455,https://minneapolis.craigslist.org/hnp/apa/d/fantastic-1-bed-value-right/6460026799.html,post id: 6460026799
0,909 Summit Ave S,750ft2,1BR / 1Ba,2018-01-11T22:41:34-0600,/ 1br - 750ft2 - ,44.965400,"Large, sunny 1 bedroom available Feb 1",-93.290625,10,$970,https://minneapolis.craigslist.org/hnp/apa/d/large-sunny-1-bedroom/6456668809.html,post id: 6456668809
0,4789 Tacoma Circle SE,700ft2,1BR / 1Ba,2018-01-24T21:53:01-0600,/ 1br - 700ft2 - ,44.704610,FOR RENT - Beautiful! 1 Bedroom Condo in a Great Neighborhood,-93.423829,5,$1050,https://minneapolis.craigslist.org/dak/apa/d/for-rent-beautiful-1-bedroom/6471967926.html,post id: 6471967926
0,8000 Norwood Lane N,1950ft2,2BR / 2.5Ba,2018-01-22T19:47:27-0600,/ 2br - 1950ft2 - ,45.101699,"3br - Maple Grove Townhome in Arbor Lakes! $2,050",-93.437433,5,$2050,https://minneapolis.craigslist.org/hnp/apa/d/3br-maple-grove-townhome-in/6469401700.html,post id: 6469401700
0,429 E TRAVELERS TRL,767ft2,1BR / 1Ba,2018-01-14T14:26:07-0600,/ 1br - 767ft2 - ,44.778160,$1000.00 off 1st month for a Look & Lease! Renovated! Fitness centers!,-93.271091,5,$1052,https://minneapolis.craigslist.org/dak/apa/d/off-1st-month-for-look-lease/6459604941.html,post id: 6459604941
0,1100,2500ft2,8BR / 3Ba,2018-01-24T21:44:14-0600,/ 8br - 2500ft2 - ,44.990814,"Next School Year ~ Room for 8, Perfectly New, AC, FREE-Laundry",-93.234358,5,$5000,https://minneapolis.craigslist.org/hnp/apa/d/next-school-year-room-for-8/6471962363.html,post id: 6471962363
0,305 9th Street,850ft2,2BR / 1Ba,2018-01-24T21:17:00-0600,/ 2br - 850ft2 - ,45.055837,2 BDRM/1 BATH WITH A BEAUTIFUL VIEW,-94.062050,10,$775,https://minneapolis.craigslist.org/csw/apa/d/2-bdrm-1-bath-with-beautiful/6471944214.html,post id: 6471944214
0,N/A,900ft2,2BR / 1Ba,2018-01-24T21:31:20-0600,/ 2br - 900ft2 - ,45.019200,Need a cozy place to stay for super bowl,-93.240100,22,$1600,https://minneapolis.craigslist.org/hnp/apa/d/need-cozy-place-to-stay-for/6471953811.html,post id: 6471953811
0,N/A,available jan 1,1BR / 1Ba,2018-01-14T22:24:48-0600,/ 1br - ,44.971574,1 Bed 1 Bath On Special In Loring Park!!! *GYM/PATIO/HEATED PARKING,-93.280363,22,$1460,https://minneapolis.craigslist.org/hnp/apa/d/1-bed-1-bath-on-special-in/6460025929.html,post id: 6460025929
0,N/A,available feb 10,2BR / 2Ba,2018-01-14T22:16:52-0600,/ 2br - ,44.949832,The Best Uptown Has To Offer!!,-93.294353,22,$2260,https://minneapolis.craigslist.org/hnp/apa/d/the-best-uptown-has-to-offer/6460021439.html,post id: 6460021439
0,333 Oak Grove St,available jan 27,1BR / 1Ba,2018-01-24T21:22:19-0600,/ 1br - ,44.966929,Superball Weekend 1 Bedroom for Rent !,-93.282899,10,$8000,https://minneapolis.craigslist.org/hnp/apa/d/superball-weekend-1-bedroom/6471947720.html,post id: 6471947720
0,7th Street at 5th Ave,available feb 1,0BR / 1Ba,2018-01-02T16:22:41-0600,N/A,44.974832,SUPER BOWL RENTAL,-93.265021,5,$750,https://minneapolis.craigslist.org/hnp/apa/d/super-bowl-rental/6445735405.html,post id: 6445735405
0,N/A,available jan 31,4BR / 2Ba,2018-01-24T21:16:07-0600,/ 4br - ,44.970142,SUPERBOWL 52   15 MILES,-93.466187,5,$2500,https://minneapolis.craigslist.org/hnp/apa/d/superbowlmiles/6471943603.html,post id: 6471943603
0,106 5TH STREET SW,available mar 1,2BR / 1Ba,2018-01-24T21:13:06-0600,/ 2br - ,46.444193,WADENA - 1 & 2 Bedroom Apartments,-95.145569,10,$600,https://minneapolis.craigslist.org/ank/apa/d/wadena-1-2-bedroom-apartments/6471941466.html,post id: 6471941466
0,13905 Chestnut DriveÂ ,1313ft2,3BR / 2Ba,2018-01-20T15:07:05-0600,/ 3br - 1313ft2 - ,44.851485,"Online Rent Payment, Clubhouse, Wheelchair Access",-93.450565,5,$1565,https://minneapolis.craigslist.org/hnp/apa/d/online-rent-payment-clubhouse/6466859956.html,post id: 6466859956
0,3155 Coachman Rd,780ft2,1BR / 0Ba,2018-01-22T16:09:09-0600,/ 1br - 780ft2 - ,44.841318,"Updated 1 bedroom condo, underground garage, secured building",-93.179931,10,$975,https://minneapolis.craigslist.org/dak/apa/d/updated-1-bedroom-condo/6469160281.html,post id: 6469160281
0,4182 Rahn Road,750ft2,1BR / 1Ba,2018-01-17T09:20:49-0600,/ 1br - 750ft2 - ,44.805226,"Air Conditioning, Swimming Pool, 24-Hr Emergency Maintenance",-93.207736,5,$1020,https://minneapolis.craigslist.org/dak/apa/d/air-conditioning-swimming/6462797756.html,post id: 6462797756
0,Lincoln Ave at Prior Ave.,1092ft2,2BR / 1.5Ba,2018-01-24T21:00:29-0600,/ 2br - 1092ft2 - ,44.938922,Mac-Grove Single Family Home - 2 BR,-93.182430,5,$1600,https://minneapolis.craigslist.org/ram/apa/d/mac-grove-single-family-home/6471932543.html,post id: 6471932543
0,N/A,available jan 28,1BR / 1Ba,2018-01-17T11:26:39-0600,/ 1br - ,44.984840,Super Bowl Rental,-93.280394,5,$900,https://minneapolis.craigslist.org/hnp/apa/d/super-bowl-rental/6462976249.html,post id: 6462976249
0,NE main st at NE 13th AVE,868ft2,1BR / 1Ba,2018-01-02T15:47:03-0600,/ 1br - 868ft2 - ,44.999949,Spacious MODERN NEW 1BR * save $2250 * Feb * near downtown & river,-93.268518,5,$1250,https://minneapolis.craigslist.org/hnp/apa/d/spacious-modern-new-1br-save/6445689451.html,post id: 6445689451
0,N/A,available feb 1,1BR / 1Ba,2018-01-14T22:12:19-0600,/ 1br - ,44.949225,LUXURY ONE BED APARTMENT RIGHT IN CALHOUN SQUARE,-93.295727,22,$1655,https://minneapolis.craigslist.org/hnp/apa/d/luxury-one-bed-apartment/6460018968.html,post id: 6460018968
0,N/A,available mar 10,1BR / 1Ba,2018-01-14T22:12:47-0600,/ 1br - ,44.968806,Prime Luxury Loring Park 1 Bed Just 1 Block from Park,-93.280792,7,$1620,https://minneapolis.craigslist.org/hnp/apa/d/prime-luxury-loring-park-1/6460019209.html,post id: 6460019209
0,N/A,1350ft2,3BR / 1.5Ba,2018-01-24T20:52:37-0600,/ 3br - 1350ft2 - ,44.942081,Woodbury End Unit Town House,-92.950430,5,$1450,https://minneapolis.craigslist.org/wsh/apa/d/woodbury-end-unit-town-house/6471926778.html,post id: 6471926778
0,1105 W 28th St,937ft2,2BR / 1Ba,2018-01-24T20:46:33-0600,/ 2br - 937ft2 - ,44.951725,"Renovated 2 Bedroom available Feb 1st, 2018, located in the heart of Uptown!",-93.293796,5,$1495,https://minneapolis.craigslist.org/hnp/apa/d/renovated-2-bedroom-available/6471922161.html,post id: 6471922161
0,1105 W 28th St,937ft2,2BR / 1Ba,2018-01-24T20:44:46-0600,/ 2br - 937ft2 - ,44.951725,Brand New 2-Bedroom in the Heart of Uptown!,-93.293796,5,$1495,https://minneapolis.craigslist.org/hnp/apa/d/brand-new-2-bedroom-in-the/6471920798.html,post id: 6471920798
0,2900 Irving Ave S,1092ft2,1BR / 1Ba,2018-01-24T20:44:32-0600,/ 1br - 1092ft2 - ,44.949006,Spacious One Bedroom Plus Den at Brand New Luxury Building in Heart of Uptown!,-93.302336,5,$1695,https://minneapolis.craigslist.org/hnp/apa/d/spacious-one-bedroom-plus-den/6471920626.html,post id: 6471920626
0,2900 Irving Ave S,1092ft2,1BR / 1Ba,2018-01-24T20:44:10-0600,/ 1br - 1092ft2 - ,44.949006,Spacious One Bedroom Plus Den at Brand New Luxury Building in Heart of Uptown!,-93.302336,5,$1695,https://minneapolis.craigslist.org/hnp/apa/d/spacious-one-bedroom-plus-den/6471920340.html,post id: 6471920340
0,Cleveland Avenue South at Saint Clair Avenue,750ft2,2BR / 1Ba,2018-01-24T22:40:49-0600,/ 2br - 750ft2 - ,44.934152,Amazing Two Bedroom in Saint Paul... SERIOUSLY!,-93.187151,5,$1200,https://minneapolis.craigslist.org/ram/apa/d/amazing-two-bedroom-in-saint/6471996311.html,post id: 6471996311
0,360 North First Street,678ft2,1BR / 1Ba,2018-01-18T16:22:57-0600,/ 1br - 678ft2 - ,44.986884,Find your happy place at Paxon and get one month free!,-93.270707,5,$1715,https://minneapolis.craigslist.org/hnp/apa/d/find-your-happy-place-at/6464592363.html,post id: 6464592363
0,48th at 4th Ave,2500ft2,3BR / 2Ba,2018-01-24T22:33:11-0600,/ 3br - 2500ft2 - ,44.916802,Super Bowl*** Private House,-93.270106,5,$2000,https://minneapolis.craigslist.org/hnp/apa/d/super-bowl-private-house/6471992109.html,post id: 6471992109
0,727 Kenwood Parkway,750ft2,1BR / 1Ba,2018-01-18T21:37:12-0600,/ 1br - 750ft2 - ,44.969684,Kenwood Home for Rent - 1 Bedroom with Garage,-93.295580,10,$1495,https://minneapolis.craigslist.org/hnp/apa/d/kenwood-home-for-rent-1/6464877299.html,post id: 6464877299
0,2nd St NE at 3rd Ave NE,1000ft2,2BR / 1Ba,2018-01-24T22:30:05-0600,/ 2br - 1000ft2 - ,44.990538,Superbowl Rental Near Downtown,-93.259914,15,$1000,https://minneapolis.craigslist.org/hnp/apa/d/superbowl-rental-near-downtown/6471990348.html,post id: 6471990348
0,603 3rd Ave NW,1200ft2,3BR / 1Ba,2018-01-22T14:13:57-0600,/ 3br - 1200ft2 - ,45.468200,"Walk-in Closet, Linen Closets, On-Site Leasing",-93.226600,5,$1235,https://minneapolis.craigslist.org/ank/apa/d/walk-in-closet-linen-closets/6468998866.html,post id: 6468998866
0,N/A,available jan 24,5BR / 3Ba,2018-01-24T22:17:27-0600,/ 5br - ,45.052300,SUPERBOWL ENTIRE HOME $1550,-93.254100,22,$1550,https://minneapolis.craigslist.org/hnp/apa/d/superbowl-entire-home-1550/6471983075.html,post id: 6471983075
0,13905 Chestnut DriveÂ ,757ft2,1BR / 1Ba,2018-01-20T13:09:54-0600,/ 1br - 757ft2 - ,44.851485,"Professional On-Site Management, Beautiful Views, Wheelchair Access",-93.450565,5,$1175,https://minneapolis.craigslist.org/hnp/apa/d/professional-on-site/6466703784.html,post id: 6466703784
0,101 E 10th St,648ft2,1BR / 1Ba,2018-01-24T22:13:53-0600,/ 1br - 648ft2 - ,44.951281,Commuter's Dream - Alcove With Everything! $1000 rent credit!,-93.095543,22,$1492,https://minneapolis.craigslist.org/ram/apa/d/commuters-dream-alcove-with/6471980946.html,post id: 6471980946
0,10310 Devonshire RoadÂ ,1238ft2,2BR / 2Ba,2018-01-08T12:53:10-0600,/ 2br - 1238ft2 - ,44.816174,Renovated Townhome ~ Private Entry ~ Wood Fireplace ~ Park Like Areas!,-93.294437,5,$1606,https://minneapolis.craigslist.org/hnp/apa/d/renovated-townhome-private/6452338657.html,post id: 6452338657
0,N/A,available jan 16,3BR / 2Ba,2018-01-16T16:06:38-0600,/ 3br - ,N/A,Rent to Own,N/A,N/A,$550,https://minneapolis.craigslist.org/wsh/apa/d/rent-to-own/6462180171.html,post id: 6462180171
0,N/A,available jan 24,4BR / 0Ba,2018-01-24T21:40:45-0600,/ 4br - ,45.003300,WE NEED SINGLE FAMILY HOMES/TOWNHOMES FOR LEASE,-93.487500,22,$1,https://minneapolis.craigslist.org/hnp/apa/d/we-need-single-family-homes/6471960054.html,post id: 6471960054
0,5500 W 107th St,1968ft2,5BR / 2Ba,2018-01-24T22:01:43-0600,/ 5br - 1968ft2 - ,44.808863,"FOR RENT - 5 Bedrooms, 2 Baths, 2 Car Attached Garage",-93.353373,5,$1995,https://minneapolis.craigslist.org/hnp/apa/d/for-rent-5-bedrooms-2-baths-2/6471973583.html,post id: 6471973583
0,N/A,available feb 15,1BR / 1Ba,2018-01-14T22:10:10-0600,/ 1br - ,44.973153,Skyway Connected Downtown Apartment Available!!!,-93.276672,22,$1465,https://minneapolis.craigslist.org/hnp/apa/d/skyway-connected-downtown/6460017705.html,post id: 6460017705
0,N/A,available jan 1,2BR / 2Ba,2018-01-14T22:27:17-0600,/ 2br - ,44.967300,Amazing 2 Bed ON Loring Park 2.5 Blocks From Skyway!!,-93.282800,22,$2495,https://minneapolis.craigslist.org/hnp/apa/d/amazing-2-bed-on-loring-park/6460027371.html,post id: 6460027371
0,N/A,available jan 1,1BR / 1Ba,2018-01-14T22:26:17-0600,/ 1br - ,44.969631,Fantastic 1 Bed Value Right Next to Loring Park Blocks From Skyway,-93.280964,22,$1455,https://minneapolis.craigslist.org/hnp/apa/d/fantastic-1-bed-value-right/6460026799.html,post id: 6460026799
0,Cleveland Avenue South at Saint Clair Avenue,750ft2,2BR / 1Ba,2018-01-24T22:40:49-0600,/ 2br - 750ft2 - ,44.934152,Amazing Two Bedroom in Saint Paul... SERIOUSLY!,-93.187151,5,$1200,https://minneapolis.craigslist.org/ram/apa/d/amazing-two-bedroom-in-saint/6471996311.html,post id: 6471996311
0,360 North First Street,678ft2,1BR / 1Ba,2018-01-18T16:22:57-0600,/ 1br - 678ft2 - ,44.986884,Find your happy place at Paxon and get one month free!,-93.270707,5,$1715,https://minneapolis.craigslist.org/hnp/apa/d/find-your-happy-place-at/6464592363.html,post id: 6464592363
0,48th at 4th Ave,2500ft2,3BR / 2Ba,2018-01-24T22:33:11-0600,/ 3br - 2500ft2 - ,44.916802,Super Bowl*** Private House,-93.270106,5,$2000,https://minneapolis.craigslist.org/hnp/apa/d/super-bowl-private-house/6471992109.html,post id: 6471992109
0,727 Kenwood Parkway,750ft2,1BR / 1Ba,2018-01-18T21:37:12-0600,/ 1br - 750ft2 - ,44.969684,Kenwood Home for Rent - 1 Bedroom with Garage,-93.295580,10,$1495,https://minneapolis.craigslist.org/hnp/apa/d/kenwood-home-for-rent-1/6464877299.html,post id: 6464877299
0,2nd St NE at 3rd Ave NE,1000ft2,2BR / 1Ba,2018-01-24T22:30:05-0600,/ 2br - 1000ft2 - ,44.990538,Superbowl Rental Near Downtown,-93.259914,15,$1000,https://minneapolis.craigslist.org/hnp/apa/d/superbowl-rental-near-downtown/6471990348.html,post id: 6471990348
0,603 3rd Ave NW,1200ft2,3BR / 1Ba,2018-01-22T14:13:57-0600,/ 3br - 1200ft2 - ,45.468200,"Walk-in Closet, Linen Closets, On-Site Leasing",-93.226600,5,$1235,https://minneapolis.craigslist.org/ank/apa/d/walk-in-closet-linen-closets/6468998866.html,post id: 6468998866
0,N/A,available jan 24,5BR / 3Ba,2018-01-24T22:17:27-0600,/ 5br - ,45.052300,SUPERBOWL ENTIRE HOME $1550,-93.254100,22,$1550,https://minneapolis.craigslist.org/hnp/apa/d/superbowl-entire-home-1550/6471983075.html,post id: 6471983075
0,13905 Chestnut DriveÂ ,757ft2,1BR / 1Ba,2018-01-20T13:09:54-0600,/ 1br - 757ft2 - ,44.851485,"Professional On-Site Management, Beautiful Views, Wheelchair Access",-93.450565,5,$1175,https://minneapolis.craigslist.org/hnp/apa/d/professional-on-site/6466703784.html,post id: 6466703784
0,101 E 10th St,648ft2,1BR / 1Ba,2018-01-24T22:13:53-0600,/ 1br - 648ft2 - ,44.951281,Commuter's Dream - Alcove With Everything! $1000 rent credit!,-93.095543,22,$1492,https://minneapolis.craigslist.org/ram/apa/d/commuters-dream-alcove-with/6471980946.html,post id: 6471980946
0,10310 Devonshire RoadÂ ,1238ft2,2BR / 2Ba,2018-01-08T12:53:10-0600,/ 2br - 1238ft2 - ,44.816174,Renovated Townhome ~ Private Entry ~ Wood Fireplace ~ Park Like Areas!,-93.294437,5,$1606,https://minneapolis.craigslist.org/hnp/apa/d/renovated-townhome-private/6452338657.html,post id: 6452338657
0,N/A,available jan 16,3BR / 2Ba,2018-01-16T16:06:38-0600,/ 3br - ,N/A,Rent to Own,N/A,N/A,$550,https://minneapolis.craigslist.org/wsh/apa/d/rent-to-own/6462180171.html,post id: 6462180171
0,N/A,available jan 24,4BR / 0Ba,2018-01-24T21:40:45-0600,/ 4br - ,45.003300,WE NEED SINGLE FAMILY HOMES/TOWNHOMES FOR LEASE,-93.487500,22,$1,https://minneapolis.craigslist.org/hnp/apa/d/we-need-single-family-homes/6471960054.html,post id: 6471960054
0,5500 W 107th St,1968ft2,5BR / 2Ba,2018-01-24T22:01:43-0600,/ 5br - 1968ft2 - ,44.808863,"FOR RENT - 5 Bedrooms, 2 Baths, 2 Car Attached Garage",-93.353373,5,$1995,https://minneapolis.craigslist.org/hnp/apa/d/for-rent-5-bedrooms-2-baths-2/6471973583.html,post id: 6471973583
0,N/A,available feb 15,1BR / 1Ba,2018-01-14T22:10:10-0600,/ 1br - ,44.973153,Skyway Connected Downtown Apartment Available!!!,-93.276672,22,$1465,https://minneapolis.craigslist.org/hnp/apa/d/skyway-connected-downtown/6460017705.html,post id: 6460017705
0,N/A,available jan 1,2BR / 2Ba,2018-01-14T22:27:17-0600,/ 2br - ,44.967300,Amazing 2 Bed ON Loring Park 2.5 Blocks From Skyway!!,-93.282800,22,$2495,https://minneapolis.craigslist.org/hnp/apa/d/amazing-2-bed-on-loring-park/6460027371.html,post id: 6460027371
0,N/A,available jan 1,1BR / 1Ba,2018-01-14T22:26:17-0600,/ 1br - ,44.969631,Fantastic 1 Bed Value Right Next to Loring Park Blocks From Skyway,-93.280964,22,$1455,https://minneapolis.craigslist.org/hnp/apa/d/fantastic-1-bed-value-right/6460026799.html,post id: 6460026799
0,909 Summit Ave S,750ft2,1BR / 1Ba,2018-01-11T22:41:34-0600,/ 1br - 750ft2 - ,44.965400,"Large, sunny 1 bedroom available Feb 1",-93.290625,10,$970,https://minneapolis.craigslist.org/hnp/apa/d/large-sunny-1-bedroom/6456668809.html,post id: 6456668809
0,4789 Tacoma Circle SE,700ft2,1BR / 1Ba,2018-01-24T21:53:01-0600,/ 1br - 700ft2 - ,44.704610,FOR RENT - Beautiful! 1 Bedroom Condo in a Great Neighborhood,-93.423829,5,$1050,https://minneapolis.craigslist.org/dak/apa/d/for-rent-beautiful-1-bedroom/6471967926.html,post id: 6471967926
0,8000 Norwood Lane N,1950ft2,2BR / 2.5Ba,2018-01-22T19:47:27-0600,/ 2br - 1950ft2 - ,45.101699,"3br - Maple Grove Townhome in Arbor Lakes! $2,050",-93.437433,5,$2050,https://minneapolis.craigslist.org/hnp/apa/d/3br-maple-grove-townhome-in/6469401700.html,post id: 6469401700
0,429 E TRAVELERS TRL,767ft2,1BR / 1Ba,2018-01-14T14:26:07-0600,/ 1br - 767ft2 - ,44.778160,$1000.00 off 1st month for a Look & Lease! Renovated! Fitness centers!,-93.271091,5,$1052,https://minneapolis.craigslist.org/dak/apa/d/off-1st-month-for-look-lease/6459604941.html,post id: 6459604941
0,1100,2500ft2,8BR / 3Ba,2018-01-24T21:44:14-0600,/ 8br - 2500ft2 - ,44.990814,"Next School Year ~ Room for 8, Perfectly New, AC, FREE-Laundry",-93.234358,5,$5000,https://minneapolis.craigslist.org/hnp/apa/d/next-school-year-room-for-8/6471962363.html,post id: 6471962363
0,305 9th Street,850ft2,2BR / 1Ba,2018-01-24T21:17:00-0600,/ 2br - 850ft2 - ,45.055837,2 BDRM/1 BATH WITH A BEAUTIFUL VIEW,-94.062050,10,$775,https://minneapolis.craigslist.org/csw/apa/d/2-bdrm-1-bath-with-beautiful/6471944214.html,post id: 6471944214
0,N/A,900ft2,2BR / 1Ba,2018-01-24T21:31:20-0600,/ 2br - 900ft2 - ,45.019200,Need a cozy place to stay for super bowl,-93.240100,22,$1600,https://minneapolis.craigslist.org/hnp/apa/d/need-cozy-place-to-stay-for/6471953811.html,post id: 6471953811
0,N/A,available jan 1,1BR / 1Ba,2018-01-14T22:24:48-0600,/ 1br - ,44.971574,1 Bed 1 Bath On Special In Loring Park!!! *GYM/PATIO/HEATED PARKING,-93.280363,22,$1460,https://minneapolis.craigslist.org/hnp/apa/d/1-bed-1-bath-on-special-in/6460025929.html,post id: 6460025929
0,N/A,available feb 10,2BR / 2Ba,2018-01-14T22:16:52-0600,/ 2br - ,44.949832,The Best Uptown Has To Offer!!,-93.294353,22,$2260,https://minneapolis.craigslist.org/hnp/apa/d/the-best-uptown-has-to-offer/6460021439.html,post id: 6460021439
0,333 Oak Grove St,available jan 27,1BR / 1Ba,2018-01-24T21:22:19-0600,/ 1br - ,44.966929,Superball Weekend 1 Bedroom for Rent !,-93.282899,10,$8000,https://minneapolis.craigslist.org/hnp/apa/d/superball-weekend-1-bedroom/6471947720.html,post id: 6471947720
0,7th Street at 5th Ave,available feb 1,0BR / 1Ba,2018-01-02T16:22:41-0600,N/A,44.974832,SUPER BOWL RENTAL,-93.265021,5,$750,https://minneapolis.craigslist.org/hnp/apa/d/super-bowl-rental/6445735405.html,post id: 6445735405
0,N/A,available jan 31,4BR / 2Ba,2018-01-24T21:16:07-0600,/ 4br - ,44.970142,SUPERBOWL 52   15 MILES,-93.466187,5,$2500,https://minneapolis.craigslist.org/hnp/apa/d/superbowlmiles/6471943603.html,post id: 6471943603
0,106 5TH STREET SW,available mar 1,2BR / 1Ba,2018-01-24T21:13:06-0600,/ 2br - ,46.444193,WADENA - 1 & 2 Bedroom Apartments,-95.145569,10,$600,https://minneapolis.craigslist.org/ank/apa/d/wadena-1-2-bedroom-apartments/6471941466.html,post id: 6471941466
0,13905 Chestnut DriveÂ ,1313ft2,3BR / 2Ba,2018-01-20T15:07:05-0600,/ 3br - 1313ft2 - ,44.851485,"Online Rent Payment, Clubhouse, Wheelchair Access",-93.450565,5,$1565,https://minneapolis.craigslist.org/hnp/apa/d/online-rent-payment-clubhouse/6466859956.html,post id: 6466859956
0,3155 Coachman Rd,780ft2,1BR / 0Ba,2018-01-22T16:09:09-0600,/ 1br - 780ft2 - ,44.841318,"Updated 1 bedroom condo, underground garage, secured building",-93.179931,10,$975,https://minneapolis.craigslist.org/dak/apa/d/updated-1-bedroom-condo/6469160281.html,post id: 6469160281
0,4182 Rahn Road,750ft2,1BR / 1Ba,2018-01-17T09:20:49-0600,/ 1br - 750ft2 - ,44.805226,"Air Conditioning, Swimming Pool, 24-Hr Emergency Maintenance",-93.207736,5,$1020,https://minneapolis.craigslist.org/dak/apa/d/air-conditioning-swimming/6462797756.html,post id: 6462797756
0,Lincoln Ave at Prior Ave.,1092ft2,2BR / 1.5Ba,2018-01-24T21:00:29-0600,/ 2br - 1092ft2 - ,44.938922,Mac-Grove Single Family Home - 2 BR,-93.182430,5,$1600,https://minneapolis.craigslist.org/ram/apa/d/mac-grove-single-family-home/6471932543.html,post id: 6471932543
0,N/A,available jan 28,1BR / 1Ba,2018-01-17T11:26:39-0600,/ 1br - ,44.984840,Super Bowl Rental,-93.280394,5,$900,https://minneapolis.craigslist.org/hnp/apa/d/super-bowl-rental/6462976249.html,post id: 6462976249
0,NE main st at NE 13th AVE,868ft2,1BR / 1Ba,2018-01-02T15:47:03-0600,/ 1br - 868ft2 - ,44.999949,Spacious MODERN NEW 1BR * save $2250 * Feb * near downtown & river,-93.268518,5,$1250,https://minneapolis.craigslist.org/hnp/apa/d/spacious-modern-new-1br-save/6445689451.html,post id: 6445689451
0,N/A,available feb 1,1BR / 1Ba,2018-01-14T22:12:19-0600,/ 1br - ,44.949225,LUXURY ONE BED APARTMENT RIGHT IN CALHOUN SQUARE,-93.295727,22,$1655,https://minneapolis.craigslist.org/hnp/apa/d/luxury-one-bed-apartment/6460018968.html,post id: 6460018968
0,N/A,available mar 10,1BR / 1Ba,2018-01-14T22:12:47-0600,/ 1br - ,44.968806,Prime Luxury Loring Park 1 Bed Just 1 Block from Park,-93.280792,7,$1620,https://minneapolis.craigslist.org/hnp/apa/d/prime-luxury-loring-park-1/6460019209.html,post id: 6460019209
0,N/A,1350ft2,3BR / 1.5Ba,2018-01-24T20:52:37-0600,/ 3br - 1350ft2 - ,44.942081,Woodbury End Unit Town House,-92.950430,5,$1450,https://minneapolis.craigslist.org/wsh/apa/d/woodbury-end-unit-town-house/6471926778.html,post id: 6471926778
0,1105 W 28th St,937ft2,2BR / 1Ba,2018-01-24T20:46:33-0600,/ 2br - 937ft2 - ,44.951725,"Renovated 2 Bedroom available Feb 1st, 2018, located in the heart of Uptown!",-93.293796,5,$1495,https://minneapolis.craigslist.org/hnp/apa/d/renovated-2-bedroom-available/6471922161.html,post id: 6471922161
0,1105 W 28th St,937ft2,2BR / 1Ba,2018-01-24T20:44:46-0600,/ 2br - 937ft2 - ,44.951725,Brand New 2-Bedroom in the Heart of Uptown!,-93.293796,5,$1495,https://minneapolis.craigslist.org/hnp/apa/d/brand-new-2-bedroom-in-the/6471920798.html,post id: 6471920798
0,2900 Irving Ave S,1092ft2,1BR / 1Ba,2018-01-24T20:44:32-0600,/ 1br - 1092ft2 - ,44.949006,Spacious One Bedroom Plus Den at Brand New Luxury Building in Heart of Uptown!,-93.302336,5,$1695,https://minneapolis.craigslist.org/hnp/apa/d/spacious-one-bedroom-plus-den/6471920626.html,post id: 6471920626
0,2900 Irving Ave S,1092ft2,1BR / 1Ba,2018-01-24T20:44:10-0600,/ 1br - 1092ft2 - ,44.949006,Spacious One Bedroom Plus Den at Brand New Luxury Building in Heart of Uptown!,-93.302336,5,$1695,https://minneapolis.craigslist.org/hnp/apa/d/spacious-one-bedroom-plus-den/6471920340.html,post id: 6471920340
0,2900 Irving Ave S,1092ft2,1BR / 1Ba,2018-01-24T20:43:41-0600,/ 1br - 1092ft2 - ,44.949006,Spacious One Bedroom Plus Den at Brand New Luxury Building in Heart of Uptown!,-93.302336,5,$1695,https://minneapolis.craigslist.org/hnp/apa/d/spacious-one-bedroom-plus-den/6471919948.html,post id: 6471919948
0,10310 Devonshire RoadÂ ,1062ft2,2BR / 2Ba,2018-01-11T17:20:57-0600,/ 2br - 1062ft2 - ,44.816174,"Pool, Clubhouse, Recreation Room",-93.294437,5,$1349,https://minneapolis.craigslist.org/hnp/apa/d/pool-clubhouse-recreation-room/6456411207.html,post id: 6456411207
0,1125 W 28th St,690ft2,1BR / 1Ba,2018-01-24T20:43:02-0600,/ 1br - 690ft2 - ,44.951740,"Spacious basement 1-bedrom in the heart of uptown, available for 2/1!",-93.293474,5,$995,https://minneapolis.craigslist.org/hnp/apa/d/spacious-basement-1-bedrom-in/6471919526.html,post id: 6471919526
0,Village Rd. at Hundertmark Rd.,16620ft2,2BR / 1.5Ba,2018-01-21T10:03:26-0600,/ 2br - 16620ft2 - ,44.819682,"AVAILABLE NOW! 2 story Chaska Townhome-2 bed-1.5 bath,1600 Sq. ft.",-93.608288,15,$1500,https://minneapolis.craigslist.org/csw/apa/d/available-now-2-story-chaska/6467517841.html,post id: 6467517841
0,360 North First Street,589ft2,0BR / 1Ba,2018-01-10T10:17:57-0600,/ 589ft2 - ,44.986929,Stunning alcove for immediate move in - Get one month free!,-93.270557,5,$1420,https://minneapolis.craigslist.org/hnp/apa/d/stunning-alcove-for-immediate/6454582407.html,post id: 6454582407
0,2440 Harriet Ave S,800ft2,1BR / 1Ba,2018-01-24T20:35:18-0600,/ 1br - 800ft2 - ,44.958380,"Uptown, Mpls: Mar or Apr 1st, Free Wi-Fi",-93.285487,15,$1050,https://minneapolis.craigslist.org/hnp/apa/d/uptown-mpls-mar-or-apr-1st/6471913524.html,post id: 6471913524
0,10th Ave SE at 5th ST SE,available jan 29,2BR / 1Ba,2018-01-24T20:20:52-0600,/ 2br - ,44.983848,1.4 mile walk to US bank stadium,-93.239443,5,$2000,https://minneapolis.craigslist.org/hnp/apa/d/14-mile-walk-to-us-bank/6471902274.html,post id: 6471902274
0,N/A,1500ft2,3BR / 1.5Ba,2018-01-01T14:36:15-0600,/ 3br - 1500ft2 - ,44.967242,Boutique Apartment in Beautiful Brownstone,-93.261341,5,$2150,https://minneapolis.craigslist.org/hnp/apa/d/boutique-apartment-in/6444489292.html,post id: 6444489292
0,4940 101st Lane,875ft2,2BR / 1Ba,2018-01-24T20:25:45-0600,/ 2br - 875ft2 - ,45.153823,Beautifully Updated Apartments w/Garage and Backyard,-93.143742,5,$850,https://minneapolis.craigslist.org/ank/apa/d/beautifully-updated/6471906123.html,post id: 6471906123
0,2701 4th St SE at 27th Street,444ft2,1BR / 1Ba,2018-01-24T18:57:30-0600,/ 1br - 444ft2 - ,44.973309,"Wood-look Floors, Community-Wide WIFI, Free coffee",-93.217842,10,$1360,https://minneapolis.craigslist.org/hnp/apa/d/wood-look-floors-community/6471829415.html,post id: 6471829415
0,603 3rd Ave NW,1200ft2,3BR / 1Ba,2018-01-09T15:23:40-0600,/ 3br - 1200ft2 - ,45.468200,$100 Deposit Special! Call for Details!,-93.226600,5,$1235,https://minneapolis.craigslist.org/ank/apa/d/100-deposit-special-call-for/6453800416.html,post id: 6453800416
0,N/A,available jan 1,0BR / 1Ba,2018-01-14T22:11:39-0600,N/A,44.969024,Studio Apartment Just Blocks from Basilica!,-93.281651,22,$1395,https://minneapolis.craigslist.org/hnp/apa/d/studio-apartment-just-blocks/6460018582.html,post id: 6460018582
0,N/A,available feb 10,1BR / 1Ba,2018-01-14T22:11:02-0600,/ 1br - ,44.949954,High-End Finishes in this Uptown One Bedroom!,-93.294697,22,$1670,https://minneapolis.craigslist.org/hnp/apa/d/high-end-finishes-in-this/6460018210.html,post id: 6460018210
0,N/A,available jan 1,1BR / 1Ba,2018-01-14T22:07:39-0600,/ 1br - ,44.972425,"DOWNTOWN HIGH RISE WITH SKYWAY CONNECTION, GYM, ROOFTOP PATIO, & POOL",-93.280106,22,$1455,https://minneapolis.craigslist.org/hnp/apa/d/downtown-high-rise-with/6460016259.html,post id: 6460016259
0,N/A,3100ft2,4BR / 3.5Ba,2018-01-13T11:50:15-0600,/ 4br - 3100ft2 - ,44.847715,NEWER CONSTRUCTION HOME - Super Bowl Rental - Sleeps 8+,-93.542576,5,$1850,https://minneapolis.craigslist.org/csw/apa/d/newer-construction-home-super/6458365944.html,post id: 6458365944
0,N/A,available jan 22,3BR / 3Ba,2018-01-08T12:37:18-0600,/ 3br - ,44.905400,"3br/3ba for Superbowl - $1,900 a night, 9 minute walk to light rail!!!",-93.236100,22,$1900,https://minneapolis.craigslist.org/hnp/apa/d/3br-3ba-for-superbowl-1900/6452313431.html,post id: 6452313431
0,401 8th Ave in Isanti,1200ft2,3BR / 1Ba,2018-01-18T16:03:08-0600,/ 3br - 1200ft2 - ,45.468200,"On-site Laundry Facilities, Generous closet space, Cable Accessible",-93.226600,5,$1210,https://minneapolis.craigslist.org/ank/apa/d/on-site-laundry-facilities/6464568156.html,post id: 6464568156
0,13905 Chestnut DriveÂ ,1260ft2,3BR / 2Ba,2018-01-20T15:07:09-0600,/ 3br - 1260ft2 - ,44.851485,"Expansive Fitness Studio, Clubhouse, On-Site Laundry Facilities",-93.450565,5,$1570,https://minneapolis.craigslist.org/hnp/apa/d/expansive-fitness-studio/6466860031.html,post id: 6466860031
0,10310 Devonshire RoadÂ ,800ft2,1BR / 1Ba,2017-12-28T13:19:38-0600,/ 1br - 800ft2 - ,44.816174,"Large Closets, Two Tennis Court, Breakfast Bar",-93.294437,5,$1268,https://minneapolis.craigslist.org/hnp/apa/d/large-closets-two-tennis/6440726306.html,post id: 6440726306
0,2733 Girard Ave S,"available jan 26, 2017",1BR / 1Ba,2017-12-26T19:23:31-0600,/ 1br - ,44.953163,Super Bowl Condo Rental - Best Location in Minneapolis,-93.296982,10,$800,https://minneapolis.craigslist.org/hnp/apa/d/super-bowl-condo-rental-best/6438720523.html,post id: 6438720523
0,2733 Girard Ave S,available mar 1,1BR / 1Ba,2017-12-26T19:23:57-0600,/ 1br - ,44.953163,Furnished Uptown Condo - Best Location in Minneapolis,-93.296982,10,$1900,https://minneapolis.craigslist.org/hnp/apa/d/furnished-uptown-condo-best/6438720919.html,post id: 6438720919
0,N/A,2500ft2,4BR / 1Ba,2018-01-12T12:13:16-0600,/ 4br - 2500ft2 - ,N/A,4 bedroom Farm home in Harris,N/A,N/A,$1400,https://minneapolis.craigslist.org/ank/apa/d/4-bedroom-farm-home-in-harris/6457208438.html,post id: 6457208438
0,2605 138th Ave nw,available jan 15,2BR / 1Ba,2018-01-03T12:11:25-0600,/ 2br - ,45.221201,Andover 2 bedroom available this week,-93.332678,10,$850,https://minneapolis.craigslist.org/ank/apa/d/andover-2-bedroom-available/6446586111.html,post id: 6446586111
0,4116 Lexington Ave South,available jan 24,2BR / 1Ba,2018-01-24T19:43:17-0600,/ 2br - ,44.808169,"Modern, fully equipped 2 BDR in great neighborhood!",-93.146197,10,$13751900,https://minneapolis.craigslist.org/dak/apa/d/modern-fully-equipped-2-bdr/6471870733.html,post id: 6471870733
0,N/A,900ft2,3BR / 1Ba,2018-01-20T07:13:25-0600,/ 3br - 900ft2 - ,44.888100,3 BR House w/ Garage (SSP),-93.046000,22,$1250,https://minneapolis.craigslist.org/dak/apa/d/3-br-house-garage-ssp/6466274631.html,post id: 6466274631
0,722,795ft2,1BR / 1Ba,2018-01-14T09:58:34-0600,/ 1br - 795ft2 - ,44.966134,"$985 / 1BR  U of M, Augsburg, FREE WI-FI",-93.244572,5,$985,https://minneapolis.craigslist.org/hnp/apa/d/985-1br-of-augsburg-free-wi-fi/6459291195.html,post id: 6459291195
0,4116 Lexington Ave South,available jan 24,1BR / 1Ba,2018-01-24T19:40:59-0600,/ 1br - ,44.808169,"We've found your next apartment, and it's amazing!",-93.146197,10,$10951420,https://minneapolis.craigslist.org/dak/apa/d/weve-found-your-next/6471868825.html,post id: 6471868825
0,James Ave S at 32nd street south,1400ft2,3BR / 1Ba,2018-01-02T23:07:34-0600,/ 3br - 1400ft2 - ,44.944733,Beautiful 2nd floor triplex a block from Lake Calhoun,-93.303444,15,$2250,https://minneapolis.craigslist.org/hnp/apa/d/beautiful-2nd-floor-triplex/6446081332.html,post id: 6446081332
0,N/A,2100ft2,3BR / 3Ba,2018-01-21T22:04:28-0600,/ 3br - 2100ft2 - ,44.828300,Inver grove heights owner will finance,-93.094000,22,$999,https://minneapolis.craigslist.org/dak/apa/d/inver-grove-heights-owner/6468241581.html,post id: 6468241581
0,East 16th Street at Portland Ave S,850ft2,2BR / 1Ba,2018-01-24T19:51:02-0600,/ 2br - 850ft2 - ,44.967175,"Downtown Upper 2bdrm, CLEAN, NON-SMOKING, FREE PARKING, LAUNDRY, WI FI",-93.267654,15,$1250,https://minneapolis.craigslist.org/hnp/apa/d/downtown-upper-2bdrm-clean/6471877462.html,post id: 6471877462
0,Portland Ave South at 15th Street East,650ft2,1BR / 1Ba,2018-01-24T19:50:29-0600,/ 1br - 650ft2 - ,44.968063,"Minnepolis Downtown: May 1ST // Clean, Quiet, Smoke Free",-93.267654,15,$950,https://minneapolis.craigslist.org/hnp/apa/d/minnepolis-downtown-may-1st/6471877030.html,post id: 6471877030
0,N/A,available feb 9,2BR / 2Ba,2018-01-14T22:06:18-0600,/ 2br - ,44.983500,Absurd Two Bed Value in the North Loop!!,-93.268300,22,$2330,https://minneapolis.craigslist.org/hnp/apa/d/absurd-two-bed-value-in-the/6460015482.html,post id: 6460015482
0,N/A,available feb 9,1BR / 1Ba,2018-01-14T22:05:47-0600,/ 1br - ,44.984544,One Bed In Heart Of North Loop - Nearby Skyway Connection!!,-93.272690,22,$1615,https://minneapolis.craigslist.org/hnp/apa/d/one-bed-in-heart-of-north/6460015172.html,post id: 6460015172
0,N/A,available jan 1,2BR / 2Ba,2018-01-14T22:04:42-0600,/ 2br - ,44.950439,TOP OF THE LINE EVERYTHING IN THIS PRIME UPTOWN 2 BED!!,-93.293495,22,$2245,https://minneapolis.craigslist.org/hnp/apa/d/top-of-the-line-everything-in/6460014581.html,post id: 6460014581
0,N/A,available jan 3,1BR / 1Ba,2018-01-14T21:24:49-0600,/ 1br - ,44.971817,1 Bedroom 1 Block From Loring Park and 2 Blocks From Skyway Entrance!,-93.280792,22,$1455,https://minneapolis.craigslist.org/hnp/apa/d/1-bedroom-1-block-from-loring/6459990423.html,post id: 6459990423
0,N/A,available feb 15,0BR / 1Ba,2018-01-14T21:23:41-0600,N/A,44.969791,TOP RATED LORING PARK LUXURY JR 1 BED - GYM/ROOFTOP/LOUNGE ALL INC.,-93.281806,22,$1415,https://minneapolis.craigslist.org/hnp/apa/d/top-rated-loring-park-luxury/6459989674.html,post id: 6459989674
0,N/A,available jan 1,2BR / 2Ba,2018-01-14T21:23:19-0600,/ 2br - ,44.967300,Huge Corner 2 Bed w/Downtown Views - High Floor MUST SEE,-93.282800,22,$2500,https://minneapolis.craigslist.org/hnp/apa/d/huge-corner-2-bed-downtown/6459989413.html,post id: 6459989413
0,127 E. 59th StreetÂ ,860ft2,2BR / 1Ba,2018-01-24T19:47:49-0600,/ 2br - 860ft2 - ,44.895642,"Neutral Decor, 24-Hour Laundry Facilities, Electric Kitchen Appliances",-93.276682,5,$1215,https://minneapolis.craigslist.org/hnp/apa/d/neutral-decor-24-hour-laundry/6471874725.html,post id: 6471874725
0,N/A,N/A,available jan 24,2018-01-24T19:16:23-0600,N/A,44.837400,Executive Home Hazeltine Golf Course / Lake shore available,-93.581243,5,$4300,https://minneapolis.craigslist.org/csw/apa/d/executive-home-hazeltine-golf/6471846943.html,post id: 6471846943
0,PO Box 641,2200ft2,4BR / 2Ba,2018-01-24T19:43:59-0600,/ 4br - 2200ft2 - ,45.468200,Available for the week of the Super Bowel,-93.226600,22,$2250,https://minneapolis.craigslist.org/ank/apa/d/available-for-the-week-of-the/6471871324.html,post id: 6471871324
0,Jackson St at 10th st,600ft2,1BR / 1Ba,2018-01-24T19:42:29-0600,/ 1br - 600ft2 - ,44.951200,Downtown St. Paul Super Bowl rental 1 BR,-93.090200,22,$500,https://minneapolis.craigslist.org/ram/apa/d/downtown-st-paul-super-bowl/6471870045.html,post id: 6471870045
0,3540 Emerson Avenue South,available jan 24,2BR / 1Ba,2018-01-24T19:37:33-0600,/ 2br - ,44.938177,2 Bedroom / 1 bath - Garden Level - Uptown,-93.294901,5,$1090,https://minneapolis.craigslist.org/hnp/apa/d/2-bedroom-1-bath-garden-level/6471865876.html,post id: 6471865876
0,N/A,895ft2,1BR / 0Ba,2018-01-03T10:41:38-0600,/ 1br - 895ft2 - ,44.983500,"North Loop 1 Bedroom, 3/4 Bath For Rent - $1,435/Month",-93.268300,22,$1435,https://minneapolis.craigslist.org/hnp/apa/d/north-loop-1-bedroom-3-4-bath/6446452246.html,post id: 6446452246
0,N/A,1090ft2,2BR / 0Ba,2018-01-12T17:50:05-0600,/ 2br - 1090ft2 - ,45.346000,Would you like to own this home or one of your choosing?,-94.162800,22,$1095,https://minneapolis.craigslist.org/csw/apa/d/would-you-like-to-own-this/6457668012.html,post id: 6457668012
0,N/A,N/A,available jan 24,2018-01-24T19:33:16-0600,N/A,45.009600,Super Bowl Weekend Personal Driver!!,-93.342400,22,N/A,https://minneapolis.craigslist.org/hnp/apa/d/super-bowl-weekend-personal/6471862131.html,post id: 6471862131
0,15 East Grant St.,available jan 24,1BR / 1Ba,2018-01-24T19:20:10-0600,/ 1br - ,44.969848,1 Bedroom Downtown Available For Super Bowl,-93.277622,10,$1,https://minneapolis.craigslist.org/hnp/apa/d/1-bedroom-downtown-available/6471850304.html,post id: 6471850304
0,429 E TRAVELERS TRL,1045ft2,2BR / 2Ba,2018-01-08T11:46:55-0600,/ 2br - 1045ft2 - ,44.778160,$1000.00 off 1st month rent on Look & Lease! Renovated! Dog park!,-93.271091,5,$1337,https://minneapolis.craigslist.org/dak/apa/d/off-1st-month-rent-on-look/6452233137.html,post id: 6452233137
0,2904 Lyndale Ave S,1209ft2,2BR / 2Ba,2018-01-24T19:25:57-0600,/ 2br - 1209ft2 - ,44.949941,"►Check out this AMAZING corner 2BR with not one, but TWO balconies!◄",-93.288086,10,$2350,https://minneapolis.craigslist.org/hnp/apa/d/check-out-this-amazing-corner/6471855571.html,post id: 6471855571
0,10275 Greenbrier RoadÂ ,1025ft2,1BR / 1Ba,2018-01-22T15:16:32-0600,/ 1br - 1025ft2 - ,44.952720,"Before You Decide, Stop By The Woodlands...You Won't Be Disappointed!",-93.411542,5,$1355,https://minneapolis.craigslist.org/hnp/apa/d/before-you-decide-stop-by-the/6469088568.html,post id: 6469088568
0,Edinborough Way at W 76th Street,1000ft2,2BR / 2Ba,2018-01-24T19:20:07-0600,/ 2br - 1000ft2 - ,44.865520,2BR 1st floor Condo at the Village Homes of Edinborough Available Now!,-93.323837,15,$1650,https://minneapolis.craigslist.org/hnp/apa/d/2br-1st-floor-condo-at-the/6471850289.html,post id: 6471850289
0,6455 Zane AvenueÂ ,1540ft2,3BR / 2Ba,2018-01-24T19:09:07-0600,/ 3br - 1540ft2 - ,45.072191,"3 Bed 2 Bath - Extra Storage, On-Site Maintenance",-93.355346,5,$1399,https://minneapolis.craigslist.org/hnp/apa/d/3-bed-2-bath-extra-storage-on/6471840209.html,post id: 6471840209
0,"3144 Chowen Ave S, 110",1162ft2,2BR / 2Ba,2018-01-24T19:16:16-0600,/ 2br - 1162ft2 - ,44.945876,Super cool and trendy home near the Greenway Trail & Lake Calhoun,-93.325258,20,$2045,https://minneapolis.craigslist.org/hnp/apa/d/super-cool-and-trendy-home/6471846837.html,post id: 6471846837
0,N/A,4420ft2,4BR / 3.5Ba,2018-01-04T07:45:28-0600,/ 4br - 4420ft2 - ,N/A,Custom Built 4400 sq. ft. 4BED/3.5BATH Home in Stillwater!,N/A,N/A,$3595,https://minneapolis.craigslist.org/wsh/apa/d/custom-built-4400-sq-ft-4bed/6447435257.html,post id: 6447435257
0,N/A,1950ft2,5BR / 2Ba,2018-01-10T12:58:36-0600,/ 5br - 1950ft2 - ,N/A,Spacious 5BED/2BATH Home in Shoreview,N/A,N/A,$1745,https://minneapolis.craigslist.org/ram/apa/d/spacious-5bed-2bath-home-in/6454828873.html,post id: 6454828873
0,Technology Drive,1000ft2,2BR / 1Ba,2018-01-24T19:03:20-0600,/ 2br - 1000ft2 - ,44.857400,"Superbowl Housing in Minneapolis,Furnished 1 and 2 Bedroom Units!",-93.437600,22,$700,https://minneapolis.craigslist.org/hnp/apa/d/superbowl-housing-in/6471834927.html,post id: 6471834927
0,N/A,1800ft2,3BR / 1Ba,2018-01-20T10:16:12-0600,/ 3br - 1800ft2 - ,45.019686,"Mpls. 3br 1ba craftsman design, beautiful oak floors rent/own",-93.309864,5,$1295,https://minneapolis.craigslist.org/hnp/apa/d/mpls-3br-1ba-craftsman-design/6466455512.html,post id: 6466455512
0,N/A,900ft2,1BR / 1Ba,2018-01-24T18:53:50-0600,/ 1br - 900ft2 - ,44.934426,Spacious 1 bedroom Condo,-93.339157,5,$1475,https://minneapolis.craigslist.org/hnp/apa/d/spacious-1-bedroom-condo/6471826259.html,post id: 6471826259
0,101 E 10th St,1128ft2,2BR / 2Ba,2018-01-24T19:07:28-0600,/ 2br - 1128ft2 - ,44.951281,**1 Month Free** 2BR2BA with Walk-out patio ✨,-93.095543,22,$2102,https://minneapolis.craigslist.org/ram/apa/d/1-month-free-2br2ba-with-walk/6471838687.html,post id: 6471838687
0,3144 Chowen Ave S 120,703ft2,1BR / 1Ba,2018-01-24T19:06:27-0600,/ 1br - 703ft2 - ,44.949700,Industrial style living near Lake Calhoun & Greenway Trail,-93.337300,22,$1460,https://minneapolis.craigslist.org/hnp/apa/d/industrial-style-living-near/6471837785.html,post id: 6471837785
0,4182 Rahn Road,750ft2,1BR / 1Ba,2018-01-19T09:47:34-0600,/ 1br - 750ft2 - ,44.805226,"On-site Management, On City Bus Line, Apply today",-93.207736,5,$1020,https://minneapolis.craigslist.org/dak/apa/d/on-site-management-on-city/6465225433.html,post id: 6465225433
0,6455 Zane AvenueÂ ,1540ft2,3BR / 2Ba,2018-01-24T19:06:38-0600,/ 3br - 1540ft2 - ,45.072191,"3 Bed 2 Bath - Cable Ready, Carpeting",-93.355346,5,$1399,https://minneapolis.craigslist.org/hnp/apa/d/3-bed-2-bath-cable-ready/6471837966.html,post id: 6471837966
0,N/A,2200ft2,4BR / 2Ba,2018-01-22T11:35:12-0600,/ 4br - 2200ft2 - ,44.999500,3 bed 2 bath Maplewood home rent/lease to own,-93.096900,22,$1800,https://minneapolis.craigslist.org/wsh/apa/d/3-bed-2-bath-maplewood-home/6468750734.html,post id: 6468750734
0,N/A,available jan 22,1800ft2,2018-01-22T11:39:23-0600,/ 1800ft2 - ,45.013900,3 bed 2 bath home Roseville rent/lease to own,-93.157100,22,$2000,https://minneapolis.craigslist.org/wsh/apa/d/3-bed-2-bath-home-roseville/6468757341.html,post id: 6468757341
0,N/A,1150ft2,3BR / 2Ba,2018-01-15T10:17:10-0600,/ 3br - 1150ft2 - ,N/A,"2 BA, gargage Waconia House Avail. Immediately",N/A,N/A,$1250,https://minneapolis.craigslist.org/csw/apa/d/2-ba-gargage-waconia-house/6460396202.html,post id: 6460396202
0,N/A,1375ft2,2BR / 2Ba,2018-01-22T11:46:41-0600,/ 2br - 1375ft2 - ,45.268500,2 bed 2 bath Forest Lake townhouse rent/lease to own,-92.974900,22,$1560,https://minneapolis.craigslist.org/wsh/apa/d/2-bed-2-bath-forest-lake/6468769083.html,post id: 6468769083
0,N/A,750ft2,1BR / 1Ba,2018-01-24T19:01:34-0600,/ 1br - 750ft2 - ,44.936917,1BR - Granite - Minutes to UPTOWN! Walk TO THE GREENWAY!! VERGE LIFE!,-93.344822,5,$1536,https://minneapolis.craigslist.org/hnp/apa/d/1br-granite-minutes-to-uptown/6471833221.html,post id: 6471833221
0,N/A,1081ft2,2BR / 1Ba,2018-01-15T18:46:24-0600,/ 2br - 1081ft2 - ,44.969421,Luxury Loft in Financial District,-93.254509,0,$1850,https://minneapolis.craigslist.org/hnp/apa/d/luxury-loft-in-financial/6461131685.html,post id: 6461131685
0,3144 Chowen Ave S,488ft2,0BR / 1Ba,2018-01-24T19:00:42-0600,/ 488ft2 - ,44.945838,Gorgeous home overlooking the Greenway Trail!,-93.325333,20,$1285,https://minneapolis.craigslist.org/hnp/apa/d/gorgeous-home-overlooking-the/6471832438.html,post id: 6471832438
0,N/A,available mar 1,2BR / 2Ba,2018-01-24T17:59:36-0600,/ 2br - ,44.873500,"Cats Welcome, Heat and Water paid, Private balcony",-93.334600,22,$1270,https://minneapolis.craigslist.org/hnp/apa/d/cats-welcome-heat-and-water/6471772279.html,post id: 6471772279
0,901 Xenia Ave South,1095ft2,2BR / 2Ba,2018-01-22T17:40:56-0600,/ 2br - 1095ft2 - ,44.972679,"Gas Fire Pit, Tile Backsplash, Close to Shopping",-93.352058,5,$1925,https://minneapolis.craigslist.org/hnp/apa/d/gas-fire-pit-tile-backsplash/6469272051.html,post id: 6469272051
0,11050 Cedar Hills Blvd,708ft2,1BR / 1Ba,2018-01-03T08:42:32-0600,/ 1br - 708ft2 - ,44.953479,"One Bedroom Apartment Back on the Market, Call Today!",-93.420762,10,$1025,https://minneapolis.craigslist.org/hnp/apa/d/one-bedroom-apartment-back-on/6446298161.html,N/A
0,11050 Cedar Hills Blvd,981ft2,2BR / 2Ba,2018-01-02T17:43:23-0600,/ 2br - 981ft2 - ,44.953479,2br Apartments Now Available for March 2018!,-93.420762,10,$1235,https://minneapolis.craigslist.org/hnp/apa/d/2br-apartments-now-available/6445827895.html,N/A
0,11050 Cedar Hills Blvd,981ft2,2BR / 2Ba,2018-01-19T13:55:19-0600,/ 2br - 981ft2 - ,44.953479,Find Your Pot of Gold at the End of This Rainbow,-93.420762,10,$1235,https://minneapolis.craigslist.org/hnp/apa/d/find-your-pot-of-gold-at-the/6465591727.html,N/A
0,10225 City Walk Drive,955ft2,1BR / 1Ba,2018-01-24T18:02:20-0600,/ 1br - 955ft2 - ,44.898500,"Crown molding, Sauna, Custom lighting",-92.923000,5,$1508,https://minneapolis.craigslist.org/wsh/apa/d/crown-molding-sauna-custom/6471775175.html,post id: 6471775175
0,11050 Cedar Hills Blvd,1070ft2,2BR / 2Ba,2018-01-24T18:53:23-0600,/ 2br - 1070ft2 - ,44.953479,Two bedroom living in a prime location,-93.420762,10,$1235,https://minneapolis.craigslist.org/hnp/apa/d/two-bedroom-living-in-prime/6471825801.html,N/A
0,13905 Chestnut DriveÂ ,979ft2,2BR / 2Ba,2018-01-20T15:07:10-0600,/ 2br - 979ft2 - ,44.851485,"Recreation Room, Recycling Available, Racquetball Courts",-93.450565,5,$1300,https://minneapolis.craigslist.org/hnp/apa/d/recreation-room-recycling/6466860070.html,post id: 6466860070
0,3140 Chowen Ave S,915ft2,2BR / 2Ba,2018-01-24T18:52:25-0600,/ 2br - 915ft2 - ,44.948807,"Newly Reduced Rent! Pet friendly apt, tons of storage by the lake",-93.324989,20,$1599,https://minneapolis.craigslist.org/hnp/apa/d/newly-reduced-rent-pet/6471824884.html,post id: 6471824884
0,"3140 Chowen Ave S, W225",830ft2,1BR / 1Ba,2018-01-24T18:51:25-0600,/ 1br - 830ft2 - ,44.945838,"Cat-approved, spacious home near Lake Calhoun and Uptown!",-93.325322,20,$1290,https://minneapolis.craigslist.org/hnp/apa/d/cat-approved-spacious-home/6471823944.html,post id: 6471823944
0,N/A,1081ft2,2BR / 1Ba,2018-01-15T18:46:24-0600,/ 2br - 1081ft2 - ,44.969421,Luxury Loft in Financial District,-93.254509,0,$1850,https://minneapolis.craigslist.org/hnp/apa/d/luxury-loft-in-financial/6461131685.html,post id: 6461131685
0,3144 Chowen Ave S,488ft2,0BR / 1Ba,2018-01-24T19:00:42-0600,/ 488ft2 - ,44.945838,Gorgeous home overlooking the Greenway Trail!,-93.325333,20,$1285,https://minneapolis.craigslist.org/hnp/apa/d/gorgeous-home-overlooking-the/6471832438.html,post id: 6471832438
0,N/A,available mar 1,2BR / 2Ba,2018-01-24T17:59:36-0600,/ 2br - ,44.873500,"Cats Welcome, Heat and Water paid, Private balcony",-93.334600,22,$1270,https://minneapolis.craigslist.org/hnp/apa/d/cats-welcome-heat-and-water/6471772279.html,post id: 6471772279
0,901 Xenia Ave South,1095ft2,2BR / 2Ba,2018-01-22T17:40:56-0600,/ 2br - 1095ft2 - ,44.972679,"Gas Fire Pit, Tile Backsplash, Close to Shopping",-93.352058,5,$1925,https://minneapolis.craigslist.org/hnp/apa/d/gas-fire-pit-tile-backsplash/6469272051.html,post id: 6469272051
0,11050 Cedar Hills Blvd,708ft2,1BR / 1Ba,2018-01-03T08:42:32-0600,/ 1br - 708ft2 - ,44.953479,"One Bedroom Apartment Back on the Market, Call Today!",-93.420762,10,$1025,https://minneapolis.craigslist.org/hnp/apa/d/one-bedroom-apartment-back-on/6446298161.html,N/A
0,11050 Cedar Hills Blvd,981ft2,2BR / 2Ba,2018-01-02T17:43:23-0600,/ 2br - 981ft2 - ,44.953479,2br Apartments Now Available for March 2018!,-93.420762,10,$1235,https://minneapolis.craigslist.org/hnp/apa/d/2br-apartments-now-available/6445827895.html,N/A
0,11050 Cedar Hills Blvd,981ft2,2BR / 2Ba,2018-01-19T13:55:19-0600,/ 2br - 981ft2 - ,44.953479,Find Your Pot of Gold at the End of This Rainbow,-93.420762,10,$1235,https://minneapolis.craigslist.org/hnp/apa/d/find-your-pot-of-gold-at-the/6465591727.html,N/A
0,10225 City Walk Drive,955ft2,1BR / 1Ba,2018-01-24T18:02:20-0600,/ 1br - 955ft2 - ,44.898500,"Crown molding, Sauna, Custom lighting",-92.923000,5,$1508,https://minneapolis.craigslist.org/wsh/apa/d/crown-molding-sauna-custom/6471775175.html,post id: 6471775175
0,11050 Cedar Hills Blvd,1070ft2,2BR / 2Ba,2018-01-24T18:53:23-0600,/ 2br - 1070ft2 - ,44.953479,Two bedroom living in a prime location,-93.420762,10,$1235,https://minneapolis.craigslist.org/hnp/apa/d/two-bedroom-living-in-prime/6471825801.html,N/A
0,13905 Chestnut DriveÂ ,979ft2,2BR / 2Ba,2018-01-20T15:07:10-0600,/ 2br - 979ft2 - ,44.851485,"Recreation Room, Recycling Available, Racquetball Courts",-93.450565,5,$1300,https://minneapolis.craigslist.org/hnp/apa/d/recreation-room-recycling/6466860070.html,post id: 6466860070
0,3140 Chowen Ave S,915ft2,2BR / 2Ba,2018-01-24T18:52:25-0600,/ 2br - 915ft2 - ,44.948807,"Newly Reduced Rent! Pet friendly apt, tons of storage by the lake",-93.324989,20,$1599,https://minneapolis.craigslist.org/hnp/apa/d/newly-reduced-rent-pet/6471824884.html,post id: 6471824884
0,"3140 Chowen Ave S, W225",830ft2,1BR / 1Ba,2018-01-24T18:51:25-0600,/ 1br - 830ft2 - ,44.945838,"Cat-approved, spacious home near Lake Calhoun and Uptown!",-93.325322,20,$1290,https://minneapolis.craigslist.org/hnp/apa/d/cat-approved-spacious-home/6471823944.html,post id: 6471823944
0,3140 Chowen Ave S,490ft2,0BR / 1Ba,2018-01-24T18:49:55-0600,/ 490ft2 - ,44.945831,"Open, bright studio with large private balcony w/ view of Greenway",-93.325301,20,$1075,https://minneapolis.craigslist.org/hnp/apa/d/open-bright-studio-with-large/6471822406.html,post id: 6471822406
0,N/A,1880ft2,4BR / 3Ba,2018-01-21T22:06:14-0600,/ 4br - 1880ft2 - ,45.282500,Anoka owner will finance if contract for deed,-93.418600,22,$999,https://minneapolis.craigslist.org/ank/apa/d/anoka-owner-will-finance-if/6468242644.html,post id: 6468242644
0,N/A,available jan 16,1BR / 1Ba,2018-01-15T18:39:52-0600,/ 1br - ,44.979897,"SENIOR BUILDING 1 BEDROOM (ROBERTS, WI)",-92.555673,20,$800,https://minneapolis.craigslist.org/wsh/apa/d/senior-building-1-bedroom/6461125041.html,post id: 6461125041
0,99th Ave NW at Ilex St NW,2000ft2,5BR / 2Ba,2018-01-21T16:04:17-0600,/ 5br - 2000ft2 - ,45.149800,5BR House Rental-Superbowl Week,-93.277976,15,$7000,https://minneapolis.craigslist.org/ank/apa/d/5br-house-rental-superbowl/6467934615.html,post id: 6467934615
0,sperl at arion,650ft2,1BR / 1Ba,2018-01-24T18:40:13-0600,/ 1br - 650ft2 - ,44.914181,Upper level duplex apartment on Lilly lake,-93.070561,5,$950,https://minneapolis.craigslist.org/dak/apa/d/upper-level-duplex-apartment/6471813176.html,post id: 6471813176
0,N/A,3ft2,3BR / 3Ba,2018-01-21T22:07:23-0600,/ 3br - 3ft2 - ,45.336441,Wyoming 3bedroom. 3 bath a place to call home,-93.078717,22,$1299,https://minneapolis.craigslist.org/ank/apa/d/wyoming-3bedroom-3-bath-place/6468243362.html,post id: 6468243362
0,N/A,1750ft2,3BR / 3Ba,2018-01-22T00:26:23-0600,/ 3br - 1750ft2 - ,44.571100,New market  seller will do financing contract for deed,-93.354300,22,$999,https://minneapolis.craigslist.org/dak/apa/d/new-market-seller-will-do/6468307539.html,post id: 6468307539
0,14030 Chestnut Dr,1265ft2,2BR / 1.5Ba,2018-01-20T14:45:30-0600,/ 2br - 1265ft2 - ,44.851699,"Two Story Apartment with fireplace, free laundry room, 1 Month Free*",-93.454601,5,$1375,https://minneapolis.craigslist.org/wsh/apa/d/two-story-apartment-with/6466832681.html,post id: 6466832681
0,N/A,1426ft2,3BR / 2Ba,2018-01-15T20:28:06-0600,/ 3br - 1426ft2 - ,N/A,"Blaine Nice schools 4 bedrooms 2 bth ,",N/A,N/A,$1185,https://minneapolis.craigslist.org/ank/apa/d/blaine-nice-schools-4/6461225262.html,post id: 6461225262
0,360 North First Street,589ft2,0BR / 1Ba,2018-01-12T12:31:54-0600,/ 589ft2 - ,44.986914,Get one month free on this stunning Alcove studio!,-93.270514,5,$1420,https://minneapolis.craigslist.org/hnp/apa/d/get-one-month-free-on-this/6457237504.html,post id: 6457237504
0,N/A,1023ft2,2BR / 2Ba,2018-01-24T18:29:01-0600,/ 2br - 1023ft2 - ,N/A,"New With A View! 24 hour Fitness Center, Game/Pub Room! Pets Welcome",N/A,N/A,$1982,https://minneapolis.craigslist.org/hnp/apa/d/new-with-view-24-hour-fitness/6471802145.html,post id: 6471802145
0,515 E Grant St.,740ft2,1BR / 1Ba,2018-01-02T13:52:41-0600,/ 1br - 740ft2 - ,44.969573,Available Now! - 1 Bedroom Downtown Minneapolis,-93.268014,5,$1095,https://minneapolis.craigslist.org/hnp/apa/d/available-now-1-bedroom/6445527604.html,post id: 6445527604
0,N/A,available jan 25,1BR / 1Ba,2018-01-24T18:08:20-0600,/ 1br - ,44.828574,Super Bowl Rental 1 bed apartment,-93.144922,5,$700,https://minneapolis.craigslist.org/dak/apa/d/super-bowl-rental-1-bed/6471781503.html,post id: 6471781503
0,Pheasant Road at Shadywood Road,available feb 1,0BR / 1Ba,2018-01-24T18:26:32-0600,N/A,44.930168,per night - Super Bowl Weekend - Room Available on Lake Minnetonka,-93.601035,20,$350,https://minneapolis.craigslist.org/hnp/apa/d/per-night-super-bowl-weekend/6471799673.html,post id: 6471799673
0,515 E Grant St.,740ft2,1BR / 1Ba,2018-01-03T10:38:42-0600,/ 1br - 740ft2 - ,44.969610,Beautiful Downtown Minneapolis 1 Bed/1 Bath - Won't Last Long!,-93.267971,5,$1295,https://minneapolis.craigslist.org/hnp/apa/d/beautiful-downtown/6446447936.html,post id: 6446447936
0,12213-A 17th Avenue South,1172ft2,3BR / 1.5Ba,2018-01-24T18:22:08-0600,/ 3br - 1172ft2 - ,44.760900,"Great location, near everything, on bus line",-93.275300,22,$1645,https://minneapolis.craigslist.org/dak/apa/d/great-location-near/6471795230.html,post id: 6471795230
0,250 East 6th StreetÂ ,830ft2,1BR / 1Ba,2017-12-26T14:23:24-0600,/ 1br - 830ft2 - ,44.951200,Mear's Park View! West Facing SUNNY Platform.,-93.090200,5,$1453,https://minneapolis.craigslist.org/ram/apa/d/mears-park-view-west-facing/6438389877.html,post id: 6438389877
0,N/A,available jan 18,831ft2,2018-01-18T18:31:08-0600,/ 831ft2 - ,44.946600,Frunished 1 bedroom 1 bathroom condo,-93.286200,22,$1800,https://minneapolis.craigslist.org/wsh/apa/d/frunished-1-bedroom-1/6464729986.html,post id: 6464729986
0,N/A,available jan 18,675ft2,2018-01-18T17:14:13-0600,/ 675ft2 - ,44.974200,1 bedroom 1 bathroom condo,-93.258500,22,$1550,https://minneapolis.craigslist.org/wsh/apa/d/1-bedroom-1-bathroom-condo/6464651638.html,post id: 6464651638
0,N/A,available jan 20,1339ft2,2018-01-20T21:20:36-0600,/ 1339ft2 - ,44.983500,Fully furnished 2 bedroom 1.5 bath unit available for rent !!,-93.268300,22,$2250,https://minneapolis.craigslist.org/dak/apa/d/fully-furnished-2-bedroom-15/6467201697.html,post id: 6467201697
0,N/A,available mar 1,1BR / 1Ba,2018-01-24T17:48:55-0600,/ 1br - ,N/A,"Extra large living area with a full wall of windows, Cats Welcome",N/A,N/A,$985,https://minneapolis.craigslist.org/hnp/apa/d/extra-large-living-area-with/6471761204.html,post id: 6471761204
0,N/A,available feb 15,0BR / 1Ba,2018-01-14T21:17:13-0600,N/A,44.969791,Live On Loring Park w/Sweeping City Views - 3 Blocks From Skyway,-93.281806,22,$1385,https://minneapolis.craigslist.org/hnp/apa/d/live-on-loring-park-sweeping/6459985349.html,post id: 6459985349
0,N/A,available jan 9,1BR / 1Ba,2018-01-14T21:16:25-0600,/ 1br - ,44.983500,Ideal 1 Bed Layout w/Master Suite,-93.268300,22,$1665,https://minneapolis.craigslist.org/hnp/apa/d/ideal-1-bed-layout-master/6459984867.html,post id: 6459984867
0,N/A,available feb 9,1BR / 1Ba,2018-01-14T21:15:20-0600,/ 1br - ,44.985225,Great Open Concept in this North Loop 1 Bed,-93.273418,22,$1610,https://minneapolis.craigslist.org/hnp/apa/d/great-open-concept-in-this/6459984176.html,post id: 6459984176
0,N/A,available feb 15,0BR / 1Ba,2018-01-14T21:12:58-0600,N/A,44.969791,Junior 1 Bed w/Views of Loring Park & Sculpture Garden - Gym Included,-93.281806,22,$1395,https://minneapolis.craigslist.org/hnp/apa/d/junior-1-bed-views-of-loring/6459982617.html,post id: 6459982617
0,N/A,available jan 1,2BR / 2Ba,2018-01-14T21:12:01-0600,/ 2br - ,44.969510,Superb 2 Bedroom Apartment Near Target HQ and Loring Park,-93.280621,22,$1940,https://minneapolis.craigslist.org/hnp/apa/d/superb-2-bedroom-apartment/6459982034.html,post id: 6459982034
0,N/A,available feb 9,1BR / 1Ba,2018-01-14T21:11:30-0600,/ 1br - ,44.984422,Loop One Bed within a block of the Skyway - Rooftop & Private Balcony,-93.273033,22,$1610,https://minneapolis.craigslist.org/hnp/apa/d/loop-one-bed-within-block-of/6459981707.html,post id: 6459981707
0,N/A,available jan 1,0BR / 1Ba,2018-01-14T21:10:54-0600,N/A,44.971696,Loring Park Studio Near Skyway w/Top Amenities,-93.280706,22,$1395,https://minneapolis.craigslist.org/hnp/apa/d/loring-park-studio-near/6459981323.html,post id: 6459981323
0,N/A,available jan 7,1BR / 1Ba,2018-01-14T21:07:14-0600,/ 1br - ,44.969631,Live In The Heart Of Loring Park w/The Best Amenities Available,-93.280964,22,$1435,https://minneapolis.craigslist.org/hnp/apa/d/live-in-the-heart-of-loring/6459978901.html,post id: 6459978901
0,N/A,available jan 3,2BR / 2Ba,2018-01-14T21:06:39-0600,/ 2br - ,44.972303,Live In Loring Parks Most Centrally Located Luxury Apartment Complex,-93.280449,22,$1905,https://minneapolis.craigslist.org/hnp/apa/d/live-in-loring-parks-most/6459978553.html,post id: 6459978553
0,N/A,available jan 7,2BR / 2Ba,2018-01-14T21:04:59-0600,/ 2br - ,44.970481,Amazing Loring Park Value - Downtown Views - Concierge/Gym/Rooftop,-93.282681,22,$2045,https://minneapolis.craigslist.org/hnp/apa/d/amazing-loring-park-value/6459977424.html,post id: 6459977424
0,719 Edmund Avenue West,910ft2,2BR / 1Ba,2018-01-02T11:07:52-0600,/ 2br - 910ft2 - ,44.958588,"Upper Duplex for March 1, Large Master Bedroom, HW Floors, Balcony",-93.130310,5,$900,https://minneapolis.craigslist.org/ram/apa/d/upper-duplex-for-march-1/6445270942.html,N/A
0,N/A,1300ft2,2BR / 1Ba,2018-01-24T18:10:13-0600,/ 2br - 1300ft2 - ,N/A,Entire Townhome available Now. Great for Superbowl!,N/A,N/A,$800,https://minneapolis.craigslist.org/ank/apa/d/entire-townhome-available-now/6471783383.html,post id: 6471783383
0,603 3rd Ave NW,1200ft2,3BR / 1Ba,2018-01-22T16:23:48-0600,/ 3br - 1200ft2 - ,45.468200,"Pet Friendly, Close to Shopping, Short Term Leasing Available",-93.226600,5,$1235,https://minneapolis.craigslist.org/ank/apa/d/pet-friendly-close-to/6469179518.html,post id: 6469179518
0,10310 Devonshire RoadÂ ,1080ft2,2BR / 2Ba,2017-12-26T15:32:33-0600,/ 2br - 1080ft2 - ,44.816174,"Fireplace, Pool, Flexible Lease Term",-93.294437,5,$1614,https://minneapolis.craigslist.org/hnp/apa/d/fireplace-pool-flexible-lease/6438479831.html,post id: 6438479831
0,401 8th Ave in Isanti,1200ft2,3BR / 1Ba,2018-01-22T16:20:50-0600,/ 3br - 1200ft2 - ,45.468200,"24-Hr Emergency Maintenance, Call for a showing today, On-Site Leasing",-93.226600,5,$1220,https://minneapolis.craigslist.org/ank/apa/d/24-hr-emergency-maintenance/6469175750.html,post id: 6469175750
0,2904 Lyndale Ave S,1205ft2,2BR / 2Ba,2018-01-24T18:07:39-0600,/ 2br - 1205ft2 - ,44.949941,⋄ Live the LIME life in this luxurious two bedroom Penthouse! ⋄,-93.288086,10,$2586,https://minneapolis.craigslist.org/hnp/apa/d/live-the-lime-life-in-this/6471780796.html,post id: 6471780796
0,N/A,900ft2,2BR / 1Ba,2018-01-24T18:03:14-0600,/ 2br - 900ft2 - ,45.268500,Forest Lake 2bdr Upper Duplex unit,-92.974900,22,$950,https://minneapolis.craigslist.org/ank/apa/d/forest-lake-2bdr-upper-duplex/6471776168.html,post id: 6471776168
0,18th Ave N at Niagara,910ft2,1BR / 1Ba,2018-01-24T17:59:41-0600,/ 1br - 910ft2 - ,45.003300,1 Bedroom-New Renovation,-93.487500,22,$1387,https://minneapolis.craigslist.org/hnp/apa/d/1-bedroom-new-renovation/6471772365.html,post id: 6471772365
0,Albert Street at County B,1000ft2,2BR / 1Ba,2017-12-27T14:54:11-0600,/ 2br - 1000ft2 - ,45.007565,Available April 1st! Spacious 2br with updated kitchen!,-93.160093,5,$1120,https://minneapolis.craigslist.org/ram/apa/d/available-april-1st-spacious/6439635314.html,post id: 6439635314
0,2210 N. Pascal St.,1000ft2,2BR / 1Ba,2017-12-28T14:20:10-0600,/ 2br - 1000ft2 - ,45.007763,March 1st! Huge 2nd floor 2br with walk-in Storage and a balcony!,-93.161016,5,$1100,https://minneapolis.craigslist.org/ram/apa/d/march-1st-huge-2nd-floor-2br/6440814904.html,post id: 6440814904
0,13301 Maple Knoll Way,1200ft2,3BR / 2Ba,2018-01-24T17:57:53-0600,/ 3br - 1200ft2 - ,45.107633,Amazing 3BR pet friendly apartment in the heart of Maple Grove!,-93.449486,10,$1540,https://minneapolis.craigslist.org/hnp/apa/d/amazing-3br-pet-friendly/6471770492.html,post id: 6471770492
0,N/A,755ft2,1BR / 1Ba,2018-01-24T17:56:50-0600,/ 1br - 755ft2 - ,44.848635,1 Bedroom available January 31st,-93.244760,7,$980,https://minneapolis.craigslist.org/hnp/apa/d/1-bedroom-available-january/6471769402.html,post id: 6471769402
0,N/A,755ft2,1BR / 1Ba,2018-01-24T17:56:20-0600,/ 1br - 755ft2 - ,44.848663,Updated one bedroom available,-93.244777,7,$990,https://minneapolis.craigslist.org/hnp/apa/d/updated-one-bedroom-available/6471768888.html,post id: 6471768888
0,330 Oak Grove Street,425ft2,0BR / 1Ba,2018-01-24T17:56:07-0600,/ 425ft2 - ,44.967687,$100 deposit if move in by Feb 1st!   Rents starting at $825!!,-93.285569,10,$825,https://minneapolis.craigslist.org/hnp/apa/d/100-deposit-if-move-in-by-feb/6471768663.html,post id: 6471768663
0,15100 18th Ave N at Niagara,1250ft2,3BR / 2Ba,2018-01-24T17:56:06-0600,/ 3br - 1250ft2 - ,44.999390,3 Bedroom 2 Bath-Available for Immediate move in,-93.472176,10,$1691,https://minneapolis.craigslist.org/hnp/apa/d/3-bedroom-2-bath-available/6471768639.html,post id: 6471768639
0,N/A,755ft2,1BR / 1Ba,2018-01-24T17:55:38-0600,/ 1br - 755ft2 - ,44.848663,1 Bedroom available January 15th,-93.244777,7,$955,https://minneapolis.craigslist.org/hnp/apa/d/1-bedroom-available-january/6471768156.html,post id: 6471768156
0,15100 18th Ave N at Niagara,910ft2,1BR / 1Ba,2018-01-24T17:52:13-0600,/ 1br - 910ft2 - ,44.999390,1 Bedroom Available for a January Move In!!!!!,-93.472176,10,$1312,https://minneapolis.craigslist.org/hnp/apa/d/1-bedroom-available-for/6471764707.html,post id: 6471764707
0,N/A,320ft2,0BR / 1Ba,2018-01-24T17:50:57-0600,/ 320ft2 - ,N/A,Amazing Studio for rent in Loring Park!,N/A,N/A,$800,https://minneapolis.craigslist.org/hnp/apa/d/amazing-studio-for-rent-in/6471763346.html,post id: 6471763346
0,6455 Zane AvenueÂ ,1540ft2,3BR / 2Ba,2018-01-24T17:46:31-0600,/ 3br - 1540ft2 - ,45.072191,"3 Bed 2 Bath - Playground, Laundry Facilities",-93.355346,5,$1399,https://minneapolis.craigslist.org/hnp/apa/d/3-bed-2-bath-playground/6471758728.html,post id: 6471758728
0,13905 Chestnut DriveÂ ,979ft2,2BR / 1Ba,2018-01-20T15:07:13-0600,/ 2br - 979ft2 - ,44.851485,"Playground, On-Site Laundry Facilities, Recreation Room",-93.450565,5,$1270,https://minneapolis.craigslist.org/hnp/apa/d/playground-on-site-laundry/6466860131.html,post id: 6466860131
0,12300 SINGLETREE LN,1012ft2,1BR / 1Ba,2018-01-24T17:45:00-0600,/ 1br - 1012ft2 - ,44.856811,Spacious and Stylish 1 Bed/1 Bath + Patio - Setup A Tour Today!!!,-93.434209,5,$1320,https://minneapolis.craigslist.org/hnp/apa/d/spacious-and-stylish-1-bed-1/6471757104.html,post id: 6471757104
0,6455 Zane AvenueÂ ,1540ft2,3BR / 2Ba,2018-01-24T17:44:47-0600,/ 3br - 1540ft2 - ,45.072191,"Package Receiving, Extra Storage, Clubhouse",-93.355346,5,$1399,https://minneapolis.craigslist.org/hnp/apa/d/package-receiving-extra/6471756882.html,post id: 6471756882
0,19219 Eagle Lake Rd South,1885ft2,3BR / 2.5Ba,2018-01-24T16:08:40-0600,/ 3br - 1885ft2 - ,45.322266,"Single Family Home - Beautiful, Safe Neighborhood",-93.740129,20,$1099,https://minneapolis.craigslist.org/csw/apa/d/single-family-home-beautiful/6471643963.html,post id: 6471643963
0,N/A,N/A,available jan 24,2018-01-24T15:47:52-0600,N/A,32.074900,宜Enjoy a Vehicle Cleaning 宜House with This Great 3BR/2BA宜,-81.088300,22,$399,https://minneapolis.craigslist.org/hnp/apa/d/enjoy-vehicle-cleaning-house/6471616821.html,post id: 6471616821
0,N/A,3900ft2,4BR / 3Ba,2018-01-24T17:36:14-0600,/ 4br - 3900ft2 - ,N/A,Huge House w/pond in Blaine on 1.3 acre lot,N/A,N/A,$2650,https://minneapolis.craigslist.org/ank/apa/d/huge-house-pond-in-blaine-on/6471747824.html,post id: 6471747824
0,Hillsboro Ave. North at Medicine Lake Road,1100ft2,2BR / 1Ba,2018-01-24T17:39:08-0600,/ 2br - 1100ft2 - ,45.007462,2 Bedroom with Huge Closet and a Balcony for April 1st!,-93.398094,15,$1145,https://minneapolis.craigslist.org/hnp/apa/d/2-bedroom-with-huge-closet/6471750862.html,post id: 6471750862
0,N/A,845ft2,2BR / 1Ba,2018-01-24T17:37:37-0600,/ 2br - 845ft2 - ,44.779300,"Beautifully landscaped courtyard, Cats Welcome, DVD Lending Library",-93.519700,22,$1135,https://minneapolis.craigslist.org/dak/apa/d/beautifully-landscaped/6471749302.html,post id: 6471749302
0,5119 Gateway ST SE,892ft2,2BR / 1Ba,2018-01-24T17:33:58-0600,/ 2br - 892ft2 - ,44.717891,Stuck In A Lease? We Can Help! Ask Us About Our AMAZING Move-In Specia,-93.416920,10,$1121,https://minneapolis.craigslist.org/dak/apa/d/stuck-in-lease-we-can-help/6471745277.html,post id: 6471745277
0,Hillsboro Ave. North at Medicine Lake Road,790ft2,1BR / 1Ba,2018-01-24T17:37:17-0600,/ 1br - 790ft2 - ,45.007462,1 Bedroom +Dog and Cats + Garage Included = Your New Home April 1st!,-93.398094,15,$935,https://minneapolis.craigslist.org/hnp/apa/d/1-bedroom-dog-and-cats-garage/6471748965.html,post id: 6471748965
0,N/A,1400ft2,2BR / 1Ba,2018-01-24T17:36:23-0600,/ 2br - 1400ft2 - ,44.955542,March 1ST! HUGE 2 bedroom garden level in Uptown $1275.00!,-93.295685,15,$1275,https://minneapolis.craigslist.org/hnp/apa/d/march-1st-huge-2-bedroom/6471747969.html,post id: 6471747969
0,727 Kenwood Parkway,750ft2,1BR / 1Ba,2018-01-18T17:05:09-0600,/ 1br - 750ft2 - ,44.969684,Kenwood Neighborhood One Bedroom Single Family Home,-93.295580,10,$1495,https://minneapolis.craigslist.org/hnp/apa/d/kenwood-neighborhood-one/6464641456.html,post id: 6464641456
0,Hillsboro Ave. North at Medicine Lake Road,790ft2,1BR / 1Ba,2018-01-24T17:35:19-0600,/ 1br - 790ft2 - ,45.007462,Garden Level 1 Bedroom with huge closets for April 1st!,-93.398094,15,$925,https://minneapolis.craigslist.org/hnp/apa/d/garden-level-1-bedroom-with/6471746783.html,post id: 6471746783
0,1511 Utica Ave So,849ft2,1BR / 1Ba,2018-01-22T16:21:57-0600,/ 1br - 849ft2 - ,44.949700,"NEWEST APT BUILDING     Jan 22, 2018             1 BED WITH DEN",-93.337300,22,$1970,https://minneapolis.craigslist.org/hnp/apa/d/newest-apt-building-janbed/6469177154.html,post id: 6469177154
0,3726 N. 6th St.,available jan 24,1080ft2,2018-01-24T17:34:42-0600,/ 1080ft2 - ,45.024200,Affordable Minneapolis home for rent,-93.302000,22,$600,https://minneapolis.craigslist.org/hnp/apa/d/affordable-minneapolis-home/6471746053.html,post id: 6471746053
0,N/A,840ft2,1BR / 1Ba,2018-01-24T17:34:25-0600,/ 1br - 840ft2 - ,N/A,"BBQ/Picnic Areas, KITCHEN, Onsite Management, Social Room With WiFi",N/A,N/A,$1155,https://minneapolis.craigslist.org/hnp/apa/d/bbq-picnic-areas-kitchen/6471745769.html,post id: 6471745769
0,400 Marquette Avenue South,786ft2,1BR / 1Ba,2018-01-12T12:32:15-0600,/ 1br - 786ft2 - ,44.979212,1 MONTH FREE at 4Marq Apartments - Sunset Views & Steps to Everything!,-93.268450,5,$1885,https://minneapolis.craigslist.org/hnp/apa/d/1-month-free-at-4marq/6457238048.html,post id: 6457238048
0,15300 - 37th Avenue North,1003ft2,2BR / 2Ba,2018-01-23T17:10:19-0600,/ 2br - 1003ft2 - ,45.024421,"Perfect Location, Community Clubhouse, Wayzata Schools",-93.477212,10,$1360,https://minneapolis.craigslist.org/hnp/apa/d/perfect-location-community/6470490661.html,post id: 6470490661
0,N/A,950ft2,2BR / 1Ba,2018-01-20T22:50:05-0600,/ 2br - 950ft2 - ,44.559810,Nice 2 bedroom apt in duplex,-92.533910,5,$950,https://minneapolis.craigslist.org/hnp/apa/d/nice-2-bedroom-apt-in-duplex/6467250414.html,post id: 6467250414
0,730 Wildwood Road,available jun 1,1BR / 0Ba,2018-01-19T09:50:16-0600,/ 1br - ,45.050228,"Apartment - New, luxury Building",-92.981338,10,$1350,https://minneapolis.craigslist.org/wsh/apa/d/apartment-new-luxury-building/6465228994.html,post id: 6465228994
0,Hillsboro Ave. North at Medicine Lake Road,790ft2,1BR / 1Ba,2018-01-24T17:32:59-0600,/ 1br - 790ft2 - ,45.007462,3rd Floor. 1 bedroom. Courtyard View. Balcony! April 1st!,-93.398094,15,$935,https://minneapolis.craigslist.org/hnp/apa/d/3rd-floor-1-bedroom-courtyard/6471744247.html,post id: 6471744247
0,15300 - 37th Avenue North,752ft2,1BR / 1Ba,2018-01-24T17:32:35-0600,/ 1br - 752ft2 - ,45.024421,"Schedule a Tour, Plymouth Creek Park, Near Shops and Dining",-93.477212,10,$1135,https://minneapolis.craigslist.org/hnp/apa/d/schedule-tour-plymouth-creek/6471743812.html,post id: 6471743812
0,N/A,N/A,available jan 24,2018-01-24T15:47:52-0600,N/A,32.074900,宜Enjoy a Vehicle Cleaning 宜House with This Great 3BR/2BA宜,-81.088300,22,$399,https://minneapolis.craigslist.org/hnp/apa/d/enjoy-vehicle-cleaning-house/6471616840.html,post id: 6471616840
0,N/A,available apr 1,1BR / 1Ba,2018-01-24T17:30:56-0600,/ 1br - ,N/A,"Updated, Cute, Spacious, Your Own Deck",N/A,N/A,$949,https://minneapolis.craigslist.org/ram/apa/d/updated-cute-spacious-your/6471742016.html,post id: 6471742016
